cell_id,cycle_index,discharge_capacity,nominal_capacity,soh,baseline_dcir,min_temp,max_temp,temp_rise,surface_heating_rate,triage_label,provenance,source
B0005,1,1.8565,2.0,92.83,0.091,24.2,38.5,14.3,0.0042,REUSE,REAL,LITERATURE_BENCHMARK
B0005,40,1.7214,2.0,86.07,0.108,24.3,39.1,14.8,0.0045,REUSE,REAL,LITERATURE_BENCHMARK
B0005,85,1.524,2.0,76.2,0.142,24.4,40.8,16.4,0.0051,INVESTIGATE,REAL,LITERATURE_BENCHMARK
B0005,160,1.3125,2.0,65.63,0.215,24.5,42.6,18.1,0.0062,RETIRE,REAL,LITERATURE_BENCHMARK
B0006,1,2.0353,2.0,101.77,0.088,24.1,38.2,14.1,0.0041,REUSE,REAL,LITERATURE_BENCHMARK
B0006,50,1.621,2.0,81.05,0.115,24.2,39.5,15.3,0.0048,REUSE,REAL,LITERATURE_BENCHMARK
B0006,90,1.4502,2.0,72.51,0.158,24.4,41.2,16.8,0.0054,INVESTIGATE,REAL,LITERATURE_BENCHMARK
B0006,155,1.185,2.0,59.25,0.235,24.6,43.5,18.9,0.0068,RETIRE,REAL,LITERATURE_BENCHMARK
B0007,1,1.891,2.0,94.55,0.09,24.3,38.4,14.1,0.0041,REUSE,REAL,LITERATURE_BENCHMARK
B0007,60,1.65,2.0,82.5,0.112,24.4,39.6,15.2,0.0047,REUSE,REAL,LITERATURE_BENCHMARK
B0007,110,1.48,2.0,74.0,0.15,24.5,41.0,16.5,0.0053,INVESTIGATE,REAL,LITERATURE_BENCHMARK
B0007,165,1.24,2.0,62.0,0.22,24.6,43.0,18.4,0.0065,RETIRE,REAL,LITERATURE_BENCHMARK
B0018,1,1.855,2.0,92.75,0.092,24.2,38.6,14.4,0.0042,REUSE,REAL,LITERATURE_BENCHMARK
B0018,45,1.68,2.0,84.0,0.11,24.3,39.4,15.1,0.0046,REUSE,REAL,LITERATURE_BENCHMARK
B0018,80,1.51,2.0,75.5,0.145,24.4,40.9,16.5,0.0052,INVESTIGATE,REAL,LITERATURE_BENCHMARK
B0018,130,1.28,2.0,64.0,0.225,24.6,43.2,18.6,0.0066,RETIRE,REAL,LITERATURE_BENCHMARK
