cell_id,cycle_index,telemetry_provenance,OCV,DCIR,ΔV10,dV/dt_slope,V_recovery_rate,T_initial,ΔT_bulk,dT/dt_max,τ_cool,T_max_pixel,T_mean_cell,σ²_T,∇T_tab-body,hotspot_eccentricity,ground_truth_soh,ground_truth_label,thermal_provenance
B0005,1,SYNTHETIC,4.143,0.091,0.2933,-0.00201,0.1373,24.002,0.227,0.03,226.0,24.25,24.016,0.0082,0.188,3.536,92.83,REUSE,SYNTHETIC
B0005,40,SYNTHETIC,4.136,0.108,0.3443,-0.00201,0.1628,24.003,0.269,0.03,268.0,24.25,24.027,0.0082,0.188,3.536,86.07,REUSE,SYNTHETIC
B0005,85,SYNTHETIC,4.126,0.142,0.4463,-0.00201,0.2138,24.004,0.354,0.04,176.0,24.25,24.049,0.0126,0.125,3.536,76.2,INVESTIGATE,SYNTHETIC
B0005,160,SYNTHETIC,4.116,0.215,0.6653,-0.00201,0.3233,24.006,0.535,0.06,266.5,24.5,24.106,0.0193,0.156,2.55,65.63,RETIRE,SYNTHETIC
B0006,1,SYNTHETIC,4.152,0.088,0.2843,-0.00201,0.1328,24.002,0.22,0.03,219.0,24.25,24.014,0.0082,0.188,3.536,101.77,REUSE,SYNTHETIC
B0006,50,SYNTHETIC,4.131,0.115,0.3653,-0.00201,0.1733,24.003,0.287,0.03,190.33,24.25,24.032,0.0095,0.156,3.536,81.05,REUSE,SYNTHETIC
B0006,90,SYNTHETIC,4.123,0.158,0.4943,-0.00201,0.2378,24.004,0.394,0.05,196.0,24.25,24.063,0.0134,0.094,3.536,72.51,INVESTIGATE,SYNTHETIC
B0006,155,SYNTHETIC,4.109,0.235,0.7253,-0.00201,0.3533,24.006,0.586,0.06,233.4,24.5,24.12,0.0312,0.25,3.536,59.25,RETIRE,SYNTHETIC
B0007,1,SYNTHETIC,4.145,0.09,0.2903,-0.00201,0.1358,24.002,0.225,0.03,224.0,24.25,24.015,0.0082,0.188,3.536,94.55,REUSE,SYNTHETIC
B0007,60,SYNTHETIC,4.133,0.112,0.3563,-0.00201,0.1688,24.003,0.279,0.03,278.0,24.25,24.03,0.0095,0.156,3.536,82.5,REUSE,SYNTHETIC
B0007,110,SYNTHETIC,4.124,0.15,0.4703,-0.00201,0.2258,24.004,0.374,0.04,186.0,24.25,24.056,0.0134,0.094,3.536,74.0,INVESTIGATE,SYNTHETIC
B0007,165,SYNTHETIC,4.112,0.22,0.6803,-0.00201,0.3308,24.006,0.548,0.06,218.2,24.5,24.109,0.0234,0.156,2.55,62.0,RETIRE,SYNTHETIC
B0018,1,SYNTHETIC,4.143,0.092,0.2963,-0.00201,0.1388,24.002,0.23,0.03,229.0,24.25,24.017,0.0082,0.188,3.536,92.75,REUSE,SYNTHETIC
B0018,45,SYNTHETIC,4.134,0.11,0.3503,-0.00201,0.1658,24.003,0.274,0.03,273.0,24.25,24.028,0.0095,0.156,3.536,84.0,REUSE,SYNTHETIC
B0018,80,SYNTHETIC,4.126,0.145,0.4553,-0.00201,0.2183,24.004,0.361,0.04,239.67,24.25,24.052,0.0126,0.125,3.536,75.5,INVESTIGATE,SYNTHETIC
B0018,130,SYNTHETIC,4.114,0.225,0.6953,-0.00201,0.3383,24.006,0.56,0.06,279.0,24.5,24.113,0.0234,0.156,2.55,64.0,RETIRE,SYNTHETIC
